"","Sample_ID","OR","Project","Date_sampled","WY","FL","TW","Station_code","Site.Name","Region_USE","Lat","Long","Region_subdivided5"
"1","DM14007",363.576,"DM","2014-02-12",2014,62,2.11,"SR055M","Sherwood Harbor","Sac",38.53278804,-121.5233336,"Lower Sac"
"2","DM14008",321.474,"DM","2014-03-06",2014,46,0.88,"SR043W","Clarksburg","Sac",38.38304913,-121.5208997,"Lower Sac"
"3","DM14009",312.59,"DM","2014-03-06",2014,48,1.16,"SR043W","Clarksburg","Sac",38.38304913,-121.5208997,"Lower Sac"
"4","DM14010",286.484,"DM","2014-03-06",2014,50,0.83,"SR043W","Clarksburg","Sac",38.38304913,-121.5208997,"Lower Sac"
"5","DM14011",309.952,"DM","2014-03-06",2014,46,0.96,"SR043W","Clarksburg","Sac",38.38304913,-121.5208997,"Lower Sac"
"6","DM14012",377.828,"DM","2014-03-12",2014,49,0.89,"SR043W","Clarksburg","Sac",38.38304913,-121.5208997,"Lower Sac"
"7","DM14013",312.664,"DM","2014-03-12",2014,47,0.87,"SR043W","Clarksburg","Sac",38.38304913,-121.5208997,"Lower Sac"
"8","DM14014",358.625,"DM","2014-03-12",2014,48,1.14,"SR043W","Clarksburg","Sac",38.38304913,-121.5208997,"Lower Sac"
"9","DM14015",253.054,"DM","2014-03-12",2014,37,0.55,"SR043W","Clarksburg","Sac",38.38304913,-121.5208997,"Lower Sac"
"10","DM14018",413.185,"DM","2014-04-11",2014,77,5.04,"SR055M","Sherwood Harbor","Sac",38.53278804,-121.5233336,"Lower Sac"
"11","DM14026",452.203,"DM","2014-04-11",2014,71,3.82,"SR055M","Sherwood Harbor","Sac",38.53278804,-121.5233336,"Lower Sac"
"12","DM14027",473.412,"DM","2014-04-11",2014,74,4.68,"SR055M","Sherwood Harbor","Sac",38.53278804,-121.5233336,"Lower Sac"
"13","DM14029",246.13,"DM","2014-03-13",2014,37,0.29,"SR080E","Verona","excl",38.78414982,-121.6178397,"excl"
"14","DM14043",382.661,"DM","2014-03-31",2014,50,1.6,"SR043W","Clarksburg","Sac",38.38304913,-121.5208997,"Lower Sac"
"15","DM14044",365.53,"DM","2014-03-31",2014,50,1.48,"SR043W","Clarksburg","Sac",38.38304913,-121.5208997,"Lower Sac"
"16","DM14045",384.03,"DM","2014-03-31",2014,55,1.63,"SR043W","Clarksburg","Sac",38.38304913,-121.5208997,"Lower Sac"
"17","DM14046",490.989,"DM","2014-05-13",2014,86,6.92,"AM001S","American River","excl",38.59935675,-121.5057333,"excl"
"18","DM14047",448.19,"DM","2014-05-13",2014,80,5.97,"AM001S","American River","excl",38.59935675,-121.5057333,"excl"
"19","DM14048",467.313,"DM","2014-05-13",2014,78,5.16,"AM001S","American River","excl",38.59935675,-121.5057333,"excl"
"20","DM14050",482.226,"DM","2014-05-13",2014,78,5.4,"AM001S","American River","excl",38.59935675,-121.5057333,"excl"
"21","DM14054",438.793,"DM","2014-05-07",2014,79,4.96,"SR012W","Sandy Beach","Delta",38.13888707,-121.6953247,"Yolo runoff"
"22","DM14056",401.849,"DM","2014-03-28",2014,71,3.76,"SR043W","Clarksburg","Sac",38.38304913,-121.5208997,"Lower Sac"
"23","DM14057",275.863,"DM","2014-03-28",2014,39,0.52,"SR043W","Clarksburg","Sac",38.38304913,-121.5208997,"Lower Sac"
"24","DM14058",265.1,"DM","2014-03-28",2014,37,0.45,"SR043W","Clarksburg","Sac",38.38304913,-121.5208997,"Lower Sac"
"25","DM14065",313.361,"DM","2014-03-11",2014,48,1.34,"SR014W","Rio Vista","Delta",38.18651797,-121.6626646,"Yolo runoff"
"26","DM14066",311.676,"DM","2014-03-11",2014,45,1.03,"TM001N","Brannan Island","Delta",38.11666073,-121.6837998,"excl"
"27","DM14067",320.751,"DM","2014-03-11",2014,40,0.77,"SR014W","Rio Vista","Delta",38.18651797,-121.6626646,"Yolo runoff"
"28","DM14068",239.469,"DM","2014-03-11",2014,36,0.35,"SR014W","Rio Vista","Delta",38.18651797,-121.6626646,"Yolo runoff"
"29","DM14069",320.37,"DM","2014-03-11",2014,45,1.1,"LP003E","Terminous","Delta",38.10993564,-121.5001684,"Cosumnes runoff"
"30","DM14070",347.452,"DM","2014-03-11",2014,44,1.06,"SR014W","Rio Vista","Delta",38.18651797,-121.6626646,"Yolo runoff"
"31","DM14071",345.538,"DM","2014-03-11",2014,47,1.16,"TM001N","Brannan Island","Delta",38.11666073,-121.6837998,"excl"
"32","DM14072",296.693,"DM","2014-03-11",2014,43,1.04,"TM001N","Brannan Island","Delta",38.11666073,-121.6837998,"excl"
"33","DM14073",319.93,"DM","2014-03-11",2014,43,1.12,"TM001N","Brannan Island","Delta",38.11666073,-121.6837998,"excl"
"34","DM14074",377.28,"DM","2014-03-11",2014,59,2.51,"SR014W","Rio Vista","Delta",38.18651797,-121.6626646,"Yolo runoff"
"35","DM14075",341.571,"DM","2014-03-11",2014,49,1.42,"SR014W","Rio Vista","Delta",38.18651797,-121.6626646,"Yolo runoff"
"36","DM14076",318.693,"DM","2014-03-11",2014,47,1.14,"SR014W","Rio Vista","Delta",38.18651797,-121.6626646,"Yolo runoff"
"37","DM14077",329.17,"DM","2014-03-11",2014,42,0.85,"SR014W","Rio Vista","Delta",38.18651797,-121.6626646,"Yolo runoff"
"38","DM14078",291.624,"DM","2014-03-11",2014,44,1.06,"SR014W","Rio Vista","Delta",38.18651797,-121.6626646,"Yolo runoff"
"39","DM14079",267.315,"DM","2014-03-11",2014,40,0.72,"SR014W","Rio Vista","Delta",38.18651797,-121.6626646,"Yolo runoff"
"40","DM14085",352.339,"DM","2014-03-18",2014,53,1.56,"SJ026S","Medford Island","Delta",38.05160734,-121.5098959,"excl"
"41","DM14087",428.386,"DM","2014-04-01",2014,69,3.59,"SR012W","Sandy Beach","Delta",38.13888707,-121.6953247,"Yolo runoff"
"42","DM14088",494.715,"DM","2014-04-01",2014,66,3.42,"SR012W","Sandy Beach","Delta",38.13888707,-121.6953247,"Yolo runoff"
"43","DM14089",484.29,"DM","2014-04-01",2014,65,2.88,"SR012W","Sandy Beach","Delta",38.13888707,-121.6953247,"Yolo runoff"
"44","DM14090",371.229,"DM","2014-04-01",2014,46,1.01,"SR014W","Rio Vista","Delta",38.18651797,-121.6626646,"Yolo runoff"
"45","DM14091",325.544,"DM","2014-04-01",2014,47,1.15,"SR014W","Rio Vista","Delta",38.18651797,-121.6626646,"Yolo runoff"
"46","DM14092",428.484,"DM","2014-04-01",2014,55,1.87,"SR012W","Sandy Beach","Delta",38.13888707,-121.6953247,"Yolo runoff"
"47","DM14093",360.534,"DM","2014-04-01",2014,58,1.98,"SJ005N","Eddos","Delta",38.05079336,-121.6994317,"West Delta"
"48","DM14094",393.464,"DM","2014-04-01",2014,54,1.78,"SJ005N","Eddos","Delta",38.05079336,-121.6994317,"West Delta"
"49","DM14095",444.284,"DM","2014-04-01",2014,58,2.27,"SJ005N","Eddos","Delta",38.05079336,-121.6994317,"West Delta"
"50","DM14097",396.475,"DM","2014-04-01",2014,56,2.01,"SJ005N","Eddos","Delta",38.05079336,-121.6994317,"West Delta"
"51","DM14099",346.01,"DM","2014-04-01",2014,51,1.59,"SJ005N","Eddos","Delta",38.05079336,-121.6994317,"West Delta"
"52","DM14100",438.713,"DM","2014-04-01",2014,90,4.21,"SJ005N","Eddos","Delta",38.05079336,-121.6994317,"West Delta"
"53","DM14101",344.869,"DM","2014-04-01",2014,50,1.55,"SJ005N","Eddos","Delta",38.05079336,-121.6994317,"West Delta"
"54","DM14102",317.997,"DM","2014-03-07",2014,46,0.91,"MK004W","B&W Marina","Delta",38.12746155,-121.5804697,"Cosumnes runoff"
"55","DM14103",295.053,"DM","2014-03-07",2014,45,0.82,"MK004W","B&W Marina","Delta",38.12746155,-121.5804697,"Cosumnes runoff"
"56","DM14104",336.589,"DM","2014-03-07",2014,54,1.51,"MK004W","B&W Marina","Delta",38.12746155,-121.5804697,"Cosumnes runoff"
"57","DM14105",330.67,"DM","2014-03-07",2014,40,0.54,"MK004W","B&W Marina","Delta",38.12746155,-121.5804697,"Cosumnes runoff"
"58","DM14107",258.061,"DM","2014-03-07",2014,38,0.52,"MK004W","B&W Marina","Delta",38.12746155,-121.5804697,"Cosumnes runoff"
"59","DM14108",215.132,"DM","2014-03-07",2014,36,0.36,"MK004W","B&W Marina","Delta",38.12746155,-121.5804697,"Cosumnes runoff"
"60","DM14109",335.787,"DM","2014-03-07",2014,44,0.82,"MK004W","B&W Marina","Delta",38.12746155,-121.5804697,"Cosumnes runoff"
"61","DM14110",298.078,"DM","2014-03-07",2014,46,0.89,"MK004W","B&W Marina","Delta",38.12746155,-121.5804697,"Cosumnes runoff"
"62","DM14111",276.006,"DM","2014-03-07",2014,45,0.87,"MK004W","B&W Marina","Delta",38.12746155,-121.5804697,"Cosumnes runoff"
"63","DM14112",310.988,"DM","2014-03-07",2014,46,0.97,"MK004W","B&W Marina","Delta",38.12746155,-121.5804697,"Cosumnes runoff"
"64","DM14113",317.277,"DM","2014-03-07",2014,40,0.74,"MK004W","B&W Marina","Delta",38.12746155,-121.5804697,"Cosumnes runoff"
"65","DM14114",268.521,"DM","2014-03-07",2014,40,0.5,"MK004W","B&W Marina","Delta",38.12746155,-121.5804697,"Cosumnes runoff"
"66","DM14115",260.575,"DM","2014-03-07",2014,39,0.33,"MK004W","B&W Marina","Delta",38.12746155,-121.5804697,"Cosumnes runoff"
"67","DM14117",286.105,"DM","2014-03-07",2014,35,0.28,"MK004W","B&W Marina","Delta",38.12746155,-121.5804697,"Cosumnes runoff"
"68","DM14118",342.765,"DM","2014-03-25",2014,56,1.28,"SR012W","Sandy Beach","Delta",38.13888707,-121.6953247,"Yolo runoff"
"69","DM14119",281.902,"DM","2014-03-25",2014,42,0.66,"SR014W","Rio Vista","Delta",38.18651797,-121.6626646,"Yolo runoff"
"70","DM14120",405.02,"DM","2014-03-25",2014,58,2.39,"MS001N","Sherman Island","Delta",38.0560806,-121.7859278,"West Delta"
"71","DM14121",346.484,"DM","2014-03-25",2014,43,0.8,"MS001N","Sherman Island","Delta",38.0560806,-121.7859278,"West Delta"
"72","DM14122",356.077,"DM","2014-03-25",2014,55,2,"MS001N","Sherman Island","Delta",38.0560806,-121.7859278,"West Delta"
"73","DM14123",339.25,"DM","2014-03-25",2014,45,0.88,"SR012W","Sandy Beach","Delta",38.13888707,-121.6953247,"Yolo runoff"
"74","DM14124",277.176,"DM","2014-03-25",2014,41,0.7,"SR012W","Sandy Beach","Delta",38.13888707,-121.6953247,"Yolo runoff"
"75","DM14125",242.668,"DM","2014-03-25",2014,45,1.02,"SJ005N","Eddos","Delta",38.05079336,-121.6994317,"West Delta"
"76","DM14126",378.281,"DM","2014-03-20",2014,54,1.54,"SJ001S","Antioch Dunes","Delta",38.01480683,-121.7827132,"West Delta"
"77","DM14127",343.152,"DM","2014-03-20",2014,55,1.78,"SJ001S","Antioch Dunes","Delta",38.01480683,-121.7827132,"West Delta"
"78","DM14128",391.911,"DM","2014-03-20",2014,53,1.29,"SJ001S","Antioch Dunes","Delta",38.01480683,-121.7827132,"West Delta"
"79","DM14129",313.215,"DM","2014-03-20",2014,52,1.47,"SJ001S","Antioch Dunes","Delta",38.01480683,-121.7827132,"West Delta"
"80","DM14130",286.933,"DM","2014-03-20",2014,43,0.87,"SJ001S","Antioch Dunes","Delta",38.01480683,-121.7827132,"West Delta"
"81","DM14131",281.211,"DM","2014-03-20",2014,38,0.52,"SJ001S","Antioch Dunes","Delta",38.01480683,-121.7827132,"West Delta"
"82","DM14132",361.76,"DM","2014-03-20",2014,55,1.92,"SJ001S","Antioch Dunes","Delta",38.01480683,-121.7827132,"West Delta"
"83","DM14133",437.42,"DM","2014-03-20",2014,64,2.72,"SJ001S","Antioch Dunes","Delta",38.01480683,-121.7827132,"West Delta"
"84","DM14134",311.547,"DM","2014-03-20",2014,55,1.45,"SJ001S","Antioch Dunes","Delta",38.01480683,-121.7827132,"West Delta"
"85","DM14135",372.96,"DM","2014-03-20",2014,55,1.85,"SJ001S","Antioch Dunes","Delta",38.01480683,-121.7827132,"West Delta"
"86","DM14136",336.478,"DM","2014-03-20",2014,51,1.1,"SJ001S","Antioch Dunes","Delta",38.01480683,-121.7827132,"West Delta"
"87","DM14137",361.712,"DM","2014-03-20",2014,46,1.05,"SJ001S","Antioch Dunes","Delta",38.01480683,-121.7827132,"West Delta"
"88","DM14138",292.851,"DM","2014-03-18",2014,37,0.46,"SR043W","Clarksburg","Sac",38.38304913,-121.5208997,"Lower Sac"
"89","DM14139",270.917,"DM","2014-03-18",2014,40,0.58,"SR043W","Clarksburg","Sac",38.38304913,-121.5208997,"Lower Sac"
"90","DM14140",378.636,"DM","2014-03-18",2014,45,0.83,"SR043W","Clarksburg","Sac",38.38304913,-121.5208997,"Lower Sac"
"91","DM14146",355.726,"DM","2014-03-20",2014,55,1.63,"MK004W","B&W Marina","Delta",38.12746155,-121.5804697,"Cosumnes runoff"
"92","DM14147",340.39,"DM","2014-03-20",2014,49,1.08,"MK004W","B&W Marina","Delta",38.12746155,-121.5804697,"Cosumnes runoff"
"93","DM14148",365.784,"DM","2014-03-20",2014,61,2.05,"MK004W","B&W Marina","Delta",38.12746155,-121.5804697,"Cosumnes runoff"
"94","DM14152",385.237,"DM","2014-04-22",2014,64,3.31,"SR024E","Koket","Delta",38.24039242,-121.5547949,"Lower Sac"
"95","DM14154",241.124,"DM","2014-03-18",2014,34,0.32,"SR043W","Clarksburg","Sac",38.38304913,-121.5208997,"Lower Sac"
"96","DM14157",433.042,"DM","2014-04-07",2014,75,4.35,"TM001N","Brannan Island","Delta",38.11666073,-121.6837998,"excl"
"97","DM14216",435.601,"DM","2014-03-28",2014,71,4.0222,"SB018X","Chipps Island","Chipps",38.04365479,-121.9112847,"Chipps"
"98","DM14217",511.39,"DM","2014-04-02",2014,69,3.3822,"SB018S","Chipps Island","Chipps",38.04365479,-121.9112847,"Chipps"
"99","DM14220",417.289,"DM","2014-04-02",2014,67,3.1977,"SB018S","Chipps Island","Chipps",38.04365479,-121.9112847,"Chipps"
"100","DM14252",530.536,"DM","2014-04-07",2014,72,3.9071,"SJ054M","Mossdale","SJR",37.78703776,-121.3073651,"Lower SJR"
"101","DM14268",401.987,"DM","2014-04-11",2014,74,2.9803,"SJ054M","Mossdale","SJR",37.78703776,-121.3073651,"Lower SJR"
"102","DM14283",477.629,"DM","2014-05-17",2014,80,4.56,"SJ054M","Mossdale","SJR",37.78703776,-121.3073651,"Lower SJR"
"103","DM14304",499.812,"DM","2014-05-01",2014,83,5.32,"SJ054M","Mossdale","SJR",37.78703776,-121.3073651,"Lower SJR"
"104","DM14331",517.645,"DM","2014-05-24",2014,85,5.34,"SJ054M","Mossdale","SJR",37.78703776,-121.3073651,"Lower SJR"
"105","DM14337",490.177,"DM","2014-05-19",2014,88,6.39,"SJ054M","Mossdale","SJR",37.78703776,-121.3073651,"Lower SJR"
"106","DM14338",496.57,"DM","2014-05-19",2014,85,6.28,"SJ054M","Mossdale","SJR",37.78703776,-121.3073651,"Lower SJR"
"107","DM14340",411.309,"DM","2014-05-20",2014,87,5.72,"SJ054M","Mossdale","SJR",37.78703776,-121.3073651,"Lower SJR"
"108","DM14344",535.655,"DM","2014-05-20",2014,88,4.61,"SJ054M","Mossdale","SJR",37.78703776,-121.3073651,"Lower SJR"
"109","DM14350",480.839,"DM","2014-04-08",2014,72,3.46,"SJ054M","Mossdale","SJR",37.78703776,-121.3073651,"Lower SJR"
"110","DM14354",454.137,"DM","2014-05-02",2014,87,6.48,"SJ054M","Mossdale","SJR",37.78703776,-121.3073651,"Lower SJR"
"111","DM14360",428.675,"DM","2014-05-02",2014,71,3.06,"SJ054M","Mossdale","SJR",37.78703776,-121.3073651,"Lower SJR"
"112","DM14361",461.569,"DM","2014-05-13",2014,90,6.94,"SJ054M","Mossdale","SJR",37.78703776,-121.3073651,"Lower SJR"
"113","DM14372",492.453,"DM","2014-05-15",2014,84,5.16,"SJ054M","Mossdale","SJR",37.78703776,-121.3073651,"Lower SJR"
"114","DM14374",503.371,"DM","2014-05-15",2014,83,5.04,"SJ054M","Mossdale","SJR",37.78703776,-121.3073651,"Lower SJR"
"115","DM14381",455.129,"DM","2014-05-06",2014,80,4.17,"SJ054M","Mossdale","SJR",37.78703776,-121.3073651,"Lower SJR"
"116","DM14396",488.731,"DM","2014-05-09",2014,85,6.23,"SJ054M","Mossdale","SJR",37.78703776,-121.3073651,"Lower SJR"
"117","DM14397",557.115,"DM","2014-05-09",2014,89,6.4,"SJ054M","Mossdale","SJR",37.78703776,-121.3073651,"Lower SJR"
"118","DM14406",510.215,"DM","2014-05-16",2014,85,6.81,"SJ054M","Mossdale","SJR",37.78703776,-121.3073651,"Lower SJR"
"119","DM14417",471.701,"DM","2014-04-10",2014,77,4.24,"SJ054M","Mossdale","SJR",37.78703776,-121.3073651,"Lower SJR"
"120","DM14419",436.661,"DM","2014-04-10",2014,68,2.92,"SJ054M","Mossdale","SJR",37.78703776,-121.3073651,"Lower SJR"
"121","DM14422",464.538,"DM","2014-04-10",2014,71,3.21,"SJ054M","Mossdale","SJR",37.78703776,-121.3073651,"Lower SJR"
"122","DM14423",472.982,"DM","2014-05-05",2014,86,5.68,"SJ054M","Mossdale","SJR",37.78703776,-121.3073651,"Lower SJR"
"123","DM14426",512.083,"DM","2014-05-05",2014,85,4.82,"SJ054M","Mossdale","SJR",37.78703776,-121.3073651,"Lower SJR"
"124","DM14435",488.365,"DM","2014-04-17",2014,75,3.38,"SJ054M","Mossdale","SJR",37.78703776,-121.3073651,"Lower SJR"
"125","DM14437",492.162,"DM","2014-04-17",2014,75,3.37,"SJ054M","Mossdale","SJR",37.78703776,-121.3073651,"Lower SJR"
"126","DM14441",429.349,"DM","2014-04-26",2014,80,4.21,"SJ054M","Mossdale","SJR",37.78703776,-121.3073651,"Lower SJR"
"127","DM14445",430.677,"DM","2014-04-26",2014,80,4.12,"SJ054M","Mossdale","SJR",37.78703776,-121.3073651,"Lower SJR"
"128","DM14450",435.76,"DM","2014-04-18",2014,70,2.5,"SJ054M","Mossdale","SJR",37.78703776,-121.3073651,"Lower SJR"
"129","DM14619",447.17,"DM","2014-04-16",2014,74,3.64,"SB018N","Chipps Island","Chipps",38.04365479,-121.9112847,"Chipps"
"130","DM14627",503.466,"DM","2014-04-21",2014,76,3.92,"SB018N","Chipps Island","Chipps",38.04365479,-121.9112847,"Chipps"
"131","DM15001",420.907,"DM","2015-05-13",2015,80,5.45,"SR055M","Sherwood Harbor","Sac",38.53278804,-121.5233336,"Lower Sac"
"132","DM15002",468.254,"DM","2015-05-13",2015,78,4.65,"SR055M","Sherwood Harbor","Sac",38.53278804,-121.5233336,"Lower Sac"
"133","DM15005",485.932,"DM","2015-05-16",2015,68,3.28,"SR055M","Sherwood Harbor","Sac",38.53278804,-121.5233336,"Lower Sac"
"134","DM15007",434.094,"DM","2015-04-10",2015,66,2.98,"SR055M","Sherwood Harbor","Sac",38.53278804,-121.5233336,"Lower Sac"
"135","DM15008",470.002,"DM","2015-05-29",2015,82,5.14,"SR055M","Sherwood Harbor","Sac",38.53278804,-121.5233336,"Lower Sac"
"136","DM15009",451.479,"DM","2015-04-10",2015,74,4.01,"SR055M","Sherwood Harbor","Sac",38.53278804,-121.5233336,"Lower Sac"
"137","DM15010",421.675,"DM","2015-04-17",2015,71,3.26,"SR055M","Sherwood Harbor","Sac",38.53278804,-121.5233336,"Lower Sac"
"138","DM15011",534.053,"DM","2015-05-22",2015,90,7.18,"SR055M","Sherwood Harbor","Sac",38.53278804,-121.5233336,"Lower Sac"
"139","DM15013",238.842,"DM","2015-02-18",2015,37,0.31,"SR055M","Sherwood Harbor","Sac",38.53278804,-121.5233336,"Lower Sac"
"140","DM15014",267.82,"DM","2015-02-27",2015,34,0.26,"SR055M","Sherwood Harbor","Sac",38.53278804,-121.5233336,"Lower Sac"
"141","DM15015",203.441,"DM","2015-02-13",2015,39,0.29,"SR055M","Sherwood Harbor","Sac",38.53278804,-121.5233336,"Lower Sac"
"142","DM15016",249.077,"DM","2015-02-18",2015,36,0.23,"SR055M","Sherwood Harbor","Sac",38.53278804,-121.5233336,"Lower Sac"
"143","DM15017",463.918,"DM","2015-04-24",2015,79,4.74,"SR055M","Sherwood Harbor","Sac",38.53278804,-121.5233336,"Lower Sac"
"144","DM15018",237.718,"DM","2015-02-13",2015,34,0.23,"SR055M","Sherwood Harbor","Sac",38.53278804,-121.5233336,"Lower Sac"
"145","DM15019",411.023,"DM","2015-04-20",2015,69,3.23,"SR055M","Sherwood Harbor","Sac",38.53278804,-121.5233336,"Lower Sac"
"146","DM15020",502.867,"DM","2015-05-11",2015,86,6.36,"SR055M","Sherwood Harbor","Sac",38.53278804,-121.5233336,"Lower Sac"
"147","DM15021",434.443,"DM","2015-05-26",2015,70,3.35,"SR055M","Sherwood Harbor","Sac",38.53278804,-121.5233336,"Lower Sac"
"148","DM15022",425.831,"DM","2015-04-13",2015,69,2.96,"SR055M","Sherwood Harbor","Sac",38.53278804,-121.5233336,"Lower Sac"
"149","DM15024",233.555,"DM","2015-05-19",2015,92,7.76,"SR055M","Sherwood Harbor","Sac",38.53278804,-121.5233336,"Lower Sac"
"150","DM15025",209.184,"DM","2015-02-11",2015,38,0.29,"SR055M","Sherwood Harbor","Sac",38.53278804,-121.5233336,"Lower Sac"
"151","DM15027",358.066,"DM","2015-02-09",2015,50,1.03,"SR055M","Sherwood Harbor","Sac",38.53278804,-121.5233336,"Lower Sac"
"152","DM15028",450.301,"DM","2015-04-03",2015,70,3.39,"SR055M","Sherwood Harbor","Sac",38.53278804,-121.5233336,"Lower Sac"
"153","DM15029",387.554,"DM","2015-04-03",2015,69,3.18,"SR055M","Sherwood Harbor","Sac",38.53278804,-121.5233336,"Lower Sac"
"154","DM15030",235.751,"DM","2015-02-09",2015,35,0.28,"SR055M","Sherwood Harbor","Sac",38.53278804,-121.5233336,"Lower Sac"
"155","DM15031",295.666,"DM","2015-02-20",2015,38,0.25,"SR055M","Sherwood Harbor","Sac",38.53278804,-121.5233336,"Lower Sac"
"156","DM15032",318.589,"DM","2015-02-20",2015,43,0.55,"SR055M","Sherwood Harbor","Sac",38.53278804,-121.5233336,"Lower Sac"
"157","DM15033",278.191,"DM","2015-02-23",2015,37,0.23,"SR055M","Sherwood Harbor","Sac",38.53278804,-121.5233336,"Lower Sac"
"158","DM15034",223.692,"DM","2015-02-23",2015,34,0.21,"SR055M","Sherwood Harbor","Sac",38.53278804,-121.5233336,"Lower Sac"
"159","DM15035",475.013,"DM","2015-05-01",2015,80,4.71,"SR055M","Sherwood Harbor","Sac",38.53278804,-121.5233336,"Lower Sac"
"160","DM15037",432.98,"DM","2015-04-29",2015,80,4.11,"SR055M","Sherwood Harbor","Sac",38.53278804,-121.5233336,"Lower Sac"
"161","DM15038",433.106,"DM","2015-04-29",2015,69,2.59,"SR055M","Sherwood Harbor","Sac",38.53278804,-121.5233336,"Lower Sac"
"162","DM15040",275.746,"DM","2015-01-20",2015,41,0.56,"SR080E","Verona","excl",38.78414982,-121.6178397,"excl"
"163","DM15041",248.37,"DM","2015-01-20",2015,36,0.48,"SR080E","Verona","excl",38.78414982,-121.6178397,"excl"
"164","DM15052",276.876,"DM","2015-02-17",2015,39,0.49,"SR043W","Clarksburg","Sac",38.38304913,-121.5208997,"Lower Sac"
"165","DM15053",263.018,"DM","2015-02-17",2015,38,0.33,"SR043W","Clarksburg","Sac",38.38304913,-121.5208997,"Lower Sac"
"166","DM15057",327.432,"DM","2015-03-24",2015,52,1.25,"SR060E","Discovery Park","excl",38.60053595,-121.5091653,"excl"
"167","DM15058",370.311,"DM","2015-03-17",2015,57,1.95,"SR080E","Verona","excl",38.78414982,-121.6178397,"excl"
"168","DM15061",265.692,"DM","2015-02-26",2015,38,0.38,"SR043W","Clarksburg","Sac",38.38304913,-121.5208997,"Lower Sac"
"169","DM15062",311.2,"DM","2015-02-26",2015,42,0.56,"SR043W","Clarksburg","Sac",38.38304913,-121.5208997,"Lower Sac"
"170","DM15063",269.466,"DM","2015-02-19",2015,40,0.53,"SR119E","Tisdale","excl",39.02464916,-121.8220253,"excl"
"171","DM15066",369.887,"DM","2015-03-24",2015,67,3.19,"SR119E","Tisdale","excl",39.02464916,-121.8220253,"excl"
"172","DM15070",290.066,"DM","2015-02-03",2015,41,0.58,"SR080E","Verona","excl",38.78414982,-121.6178397,"excl"
"173","DM15072",325.188,"DM","2015-03-03",2015,45,0.78,"SR080E","Verona","excl",38.78414982,-121.6178397,"excl"
"174","DM15076",240.874,"DM","2015-01-08",2015,36,0.35,"SR043W","Clarksburg","Sac",38.38304913,-121.5208997,"Lower Sac"
"175","DM15077",232.784,"DM","2015-01-08",2015,37,0.28,"SR043W","Clarksburg","Sac",38.38304913,-121.5208997,"Lower Sac"
"176","DM15078",339.031,"DM","2015-03-20",2015,50,1.15,"SR012W","Sandy Beach","Delta",38.13888707,-121.6953247,"Yolo runoff"
"177","DM15079",402.379,"DM","2015-03-20",2015,53,1.53,"SR014W","Rio Vista","Delta",38.18651797,-121.6626646,"Yolo runoff"
"178","DM15081",336.629,"DM","2015-02-27",2015,47,1.02,"LP003E","Terminous","Delta",38.10993564,-121.5001684,"Cosumnes runoff"
"179","DM15082",306.322,"DM","2015-02-27",2015,42,0.57,"LP003E","Terminous","Delta",38.10993564,-121.5001684,"Cosumnes runoff"
"180","DM15083",502.798,"DM","2015-04-06",2015,75,4.41,"SR012W","Sandy Beach","Delta",38.13888707,-121.6953247,"Yolo runoff"
"181","DM15084",307.25,"DM","2015-03-11",2015,45,0.89,"SJ063W","Big Beach","SJR",37.72497212,-121.2968653,"Lower SJR"
"182","DM15091",370.434,"DM","2015-03-17",2015,58,2.04,"SR024E","Koket","Delta",38.24039242,-121.5547949,"Lower Sac"
"183","DM15092",350.006,"DM","2015-03-17",2015,61,2.24,"SR024E","Koket","Delta",38.24039242,-121.5547949,"Lower Sac"
"184","DM15093",306.775,"DM","2015-02-27",2015,42,0.51,"DS002S","King Island","Delta",38.05876504,-121.4583571,"excl"
"185","DM15095",269.601,"DM","2015-02-19",2015,34,0.46,"SJ001S","Antioch Dunes","Delta",38.01480683,-121.7827132,"West Delta"
"186","DM15096",283.305,"DM","2015-02-27",2015,45,0.53,"DS002S","King Island","Delta",38.05876504,-121.4583571,"excl"
"187","DM15097",349.753,"DM","2015-03-23",2015,51,1.3,"SR012W","Sandy Beach","Delta",38.13888707,-121.6953247,"Yolo runoff"
"188","DM15098",429.563,"DM","2015-04-14",2015,78,5.1,"SR024E","Koket","Delta",38.24039242,-121.5547949,"Lower Sac"
"189","DM15099",281.437,"DM","2015-02-19",2015,39,0.37,"SR014W","Rio Vista","Delta",38.18651797,-121.6626646,"Yolo runoff"
"190","DM15100",273.07,"DM","2015-02-19",2015,38,0.34,"SR014W","Rio Vista","Delta",38.18651797,-121.6626646,"Yolo runoff"
"191","DM15102",271.104,"DM","2015-03-06",2015,36,0.5,"SR024E","Koket","Delta",38.24039242,-121.5547949,"Lower Sac"
"192","DM15103",276.709,"DM","2015-03-06",2015,43,0.62,"SR024E","Koket","Delta",38.24039242,-121.5547949,"Lower Sac"
"193","DM15108",286.441,"DM","2015-01-15",2015,41,0.57,"SF014E","Wimpys","Delta",38.2269122,-121.4911887,"Cosumnes runoff"
"194","DM15111",533.195,"DM","2015-04-27",2015,85,5.33,"SB018M","Chipps Island","Chipps",38.04365479,-121.9112847,"Chipps"
"195","DM15170",477.815,"DM","2015-05-07",2015,76,3.95,"SB018M","Chipps Island","Chipps",38.04365479,-121.9112847,"Chipps"
"196","DM15172",609.317,"DM","2015-05-07",2015,91,7.61,"SB018S","Chipps Island","Chipps",38.04365479,-121.9112847,"Chipps"
"197","DM15176",531.261,"DM","2015-05-07",2015,86,5.32,"SB018S","Chipps Island","Chipps",38.04365479,-121.9112847,"Chipps"
"198","DM15181",591.982,"DM","2015-06-11",2015,93,8.57,"SB018X","Chipps Island","Chipps",38.04365479,-121.9112847,"Chipps"
"199","DM15182",539.872,"DM","2015-04-15",2015,79,4.7,"SB018N","Chipps Island","Chipps",38.04365479,-121.9112847,"Chipps"
"200","DM15186",442.569,"DM","2015-04-15",2015,78,4.43,"SB018N","Chipps Island","Chipps",38.04365479,-121.9112847,"Chipps"
"201","DM15191",517.919,"DM","2015-04-15",2015,79,5,"SB018X","Chipps Island","Chipps",38.04365479,-121.9112847,"Chipps"
"202","DM15193",491.929,"DM","2015-04-15",2015,76,3.56,"SB018N","Chipps Island","Chipps",38.04365479,-121.9112847,"Chipps"
"203","DM15194",418.088,"DM","2015-04-15",2015,72,3.09,"SB018N","Chipps Island","Chipps",38.04365479,-121.9112847,"Chipps"
"204","DM15196",528.615,"DM","2015-04-15",2015,76,4.11,"SB018M","Chipps Island","Chipps",38.04365479,-121.9112847,"Chipps"
"205","DM15201",480.073,"DM","2015-04-24",2015,73,3.44,"SB018N","Chipps Island","Chipps",38.04365479,-121.9112847,"Chipps"
"206","DM15202",503.341,"DM","2015-04-24",2015,76,4.09,"SB018M","Chipps Island","Chipps",38.04365479,-121.9112847,"Chipps"
"207","DM15203",451.315,"DM","2015-04-24",2015,78,4.72,"SB018M","Chipps Island","Chipps",38.04365479,-121.9112847,"Chipps"
"208","DM15205",455.517,"DM","2015-04-24",2015,76,3.97,"SB018N","Chipps Island","Chipps",38.04365479,-121.9112847,"Chipps"
"209","DM15209",465.588,"DM","2015-04-24",2015,79,4.51,"SB018M","Chipps Island","Chipps",38.04365479,-121.9112847,"Chipps"
"210","DM15210",541.718,"DM","2015-04-24",2015,77,4.44,"SB018M","Chipps Island","Chipps",38.04365479,-121.9112847,"Chipps"
"211","DM15212",517.222,"DM","2015-05-28",2015,78,4.44,"SB018S","Chipps Island","Chipps",38.04365479,-121.9112847,"Chipps"
"212","DM15216",593.439,"DM","2015-05-11",2015,90,6.91,"SB018M","Chipps Island","Chipps",38.04365479,-121.9112847,"Chipps"
"213","DM15217",394.441,"DM","2015-05-11",2015,88,6.09,"SB018M","Chipps Island","Chipps",38.04365479,-121.9112847,"Chipps"
"214","DM15226",437.13,"DM","2015-05-11",2015,82,5.45,"SB018M","Chipps Island","Chipps",38.04365479,-121.9112847,"Chipps"
"215","DM15238",461.251,"DM","2015-04-17",2015,67,3.51,"SB018X","Chipps Island","Chipps",38.04365479,-121.9112847,"Chipps"
"216","DM15243",462.684,"DM","2015-04-17",2015,80,5.68,"SB018M","Chipps Island","Chipps",38.04365479,-121.9112847,"Chipps"
"217","DM15288",462.46,"DM","2015-04-20",2015,81,4.99,"SB018S","Chipps Island","Chipps",38.04365479,-121.9112847,"Chipps"
"218","DM15290",450.34,"DM","2015-04-20",2015,81,5.22,"SB018S","Chipps Island","Chipps",38.04365479,-121.9112847,"Chipps"
"219","DM15333",919.128,"DM","2015-02-17",2015,171,48.83,"SB018X","Chipps Island","Chipps",38.04365479,-121.9112847,"Chipps"
"220","DM16001",400.008,"DM","2016-04-12",2016,65,2.7,"SJ054M","Mossdale","SJR",37.78703776,-121.3073651,"Lower SJR"
"221","DM16002",478.899413984105,"DM","2016-04-12",2016,72,4.1,"SJ054M","Mossdale","SJR",37.78703776,-121.3073651,"Lower SJR"
"222","DM16003",439.234466564984,"DM","2016-04-12",2016,73,3.4,"SJ054M","Mossdale","SJR",37.78703776,-121.3073651,"Lower SJR"
"223","DM16004",438.998655374488,"DM","2016-04-27",2016,67,3.4,"SB018X","Chipps Island","Chipps",38.04365479,-121.9112847,"Chipps"
"224","DM16005",509.488139198844,"DM","2016-05-23",2016,79,5.5,"SJ054M","Mossdale","SJR",37.78703776,-121.3073651,"Lower SJR"
"225","DM16006",449.79930962511,"DM","2016-04-27",2016,80,5.4,"SB018X","Chipps Island","Chipps",38.04365479,-121.9112847,"Chipps"
"226","DM16007",492.115376896524,"DM","2016-04-27",2016,80,6,"SB018X","Chipps Island","Chipps",38.04365479,-121.9112847,"Chipps"
"227","DM16008",441.985429878783,"DM","2016-04-19",2016,69,3.4,"SJ054M","Mossdale","SJR",37.78703776,-121.3073651,"Lower SJR"
"228","DM16009",498.66,"DM","2016-05-23",2016,93,8,"SJ054M","Mossdale","SJR",37.78703776,-121.3073651,"Lower SJR"
"229","DM16010",476.376735971743,"DM","2016-04-15",2016,77,5.3,"SB018X","Chipps Island","Chipps",38.04365479,-121.9112847,"Chipps"
"230","DM16014",461.251,"DM","2016-04-01",2016,68,3.23,"SR055M","Sherwood Harbor","Sac",38.53278804,-121.5233336,"Lower Sac"
"231","DM16015",237.941,"DM","2016-03-03",2016,35,0.25,"SS011N","Steamboat Slough","Delta",38.30472188,-121.5749397,"Lower Sac"
"232","DM16016",309.006,"DM","2016-03-11",2016,45,1.29,"SR043W","Clarksburg","Sac",38.38304913,-121.5208997,"Lower Sac"
"233","DM16017",304.51,"DM","2016-02-25",2016,53,1.25,"SR043W","Clarksburg","Sac",38.38304913,-121.5208997,"Lower Sac"
"234","DM16018",313.039,"DM","2016-02-25",2016,49,0.75,"SR043W","Clarksburg","Sac",38.38304913,-121.5208997,"Lower Sac"
"235","DM16021",293.45,"DM","2016-02-18",2016,42,0.6,"SR049E","Garcia Bend","Sac",38.47805124,-121.543378,"Lower Sac"
"236","DM16024",334.736,"DM","2016-02-16",2016,46,0.87,"SR055M","Sherwood Harbor","Sac",38.53278804,-121.5233336,"Lower Sac"
"237","DM16025",278.141,"DM","2016-03-11",2016,38,0.66,"SR055M","Sherwood Harbor","Sac",38.53278804,-121.5233336,"Lower Sac"
"238","DM16026",277.411,"DM","2016-02-16",2016,48,0.86,"SR055M","Sherwood Harbor","Sac",38.53278804,-121.5233336,"Lower Sac"
"239","DM16029",403.758,"DM","2016-03-25",2016,60,1.97,"SR055M","Sherwood Harbor","Sac",38.53278804,-121.5233336,"Lower Sac"
"240","DM16031",219.694,"DM","2016-02-18",2016,38,0.25,"SR055M","Sherwood Harbor","Sac",38.53278804,-121.5233336,"Lower Sac"
"241","DM16033",234,"DM","2016-03-21",2016,39,0.44,"SR055M","Sherwood Harbor","Sac",38.53278804,-121.5233336,"Lower Sac"
"242","DM16034",329.632,"DM","2016-02-16",2016,50,0.98,"SR055M","Sherwood Harbor","Sac",38.53278804,-121.5233336,"Lower Sac"
"243","DM16035",252.652,"DM","2016-03-02",2016,36,0.28,"SR055M","Sherwood Harbor","Sac",38.53278804,-121.5233336,"Lower Sac"
"244","DM16039",369.983,"DM","2016-04-07",2016,58,2.27,"SR049E","Garcia Bend","Sac",38.47805124,-121.543378,"Lower Sac"
"245","DM16041",265.272,"DM","2016-03-21",2016,44,0.68,"SR055M","Sherwood Harbor","Sac",38.53278804,-121.5233336,"Lower Sac"
"246","DM16043",239.616,"DM","2016-02-12",2016,39,0.41,"SR055M","Sherwood Harbor","Sac",38.53278804,-121.5233336,"Lower Sac"
"247","DM16048",287.952,"DM","2016-02-08",2016,43,0.63,"SR055M","Sherwood Harbor","Sac",38.53278804,-121.5233336,"Lower Sac"
"248","DM16052",403.24,"DM","2016-04-01",2016,71,3.59,"SR055M","Sherwood Harbor","Sac",38.53278804,-121.5233336,"Lower Sac"
"249","DM16054",234.954,"DM","2016-02-24",2016,34,0.23,"SR055M","Sherwood Harbor","Sac",38.53278804,-121.5233336,"Lower Sac"
"250","DM16055",227.005,"DM","2016-03-16",2016,38,0.3,"SR055M","Sherwood Harbor","Sac",38.53278804,-121.5233336,"Lower Sac"
"251","DM16064",266.058,"DM","2016-02-18",2016,38,0.39,"SR043W","Clarksburg","Sac",38.38304913,-121.5208997,"Lower Sac"
"252","DM16065",340.491,"DM","2016-02-08",2016,45,0.7,"SR055M","Sherwood Harbor","Sac",38.53278804,-121.5233336,"Lower Sac"
"253","DM16069",223.624,"DM","2016-02-08",2016,34,0.24,"SR055M","Sherwood Harbor","Sac",38.53278804,-121.5233336,"Lower Sac"
"254","DM16071",460.969,"DM","2016-05-02",2016,84,5.32,"SR055M","Sherwood Harbor","Sac",38.53278804,-121.5233336,"Lower Sac"
"255","DM16078",287.739,"DM","2016-03-03",2016,36,0.34,"SS011N","Steamboat Slough","Delta",38.30472188,-121.5749397,"Lower Sac"
"256","DM16079",222.627,"DM","2016-03-14",2016,38,0.32,"SR055M","Sherwood Harbor","Sac",38.53278804,-121.5233336,"Lower Sac"
"257","DM16081",246.677,"DM","2016-02-18",2016,38,0.4,"SR043W","Clarksburg","Sac",38.38304913,-121.5208997,"Lower Sac"
"258","DM16083",266.038,"DM","2016-02-18",2016,38,0.38,"SR043W","Clarksburg","Sac",38.38304913,-121.5208997,"Lower Sac"
"259","DM16084",302.28,"DM","2016-03-03",2016,47,0.8,"SR043W","Clarksburg","Sac",38.38304913,-121.5208997,"Lower Sac"
"260","DM16085",327.181,"DM","2016-03-11",2016,53,1.42,"SR043W","Clarksburg","Sac",38.38304913,-121.5208997,"Lower Sac"
"261","DM16087",269.354,"DM","2016-02-24",2016,38,0.32,"SR055M","Sherwood Harbor","Sac",38.53278804,-121.5233336,"Lower Sac"
"262","DM16090",354.577,"DM","2016-03-15",2016,65,2.66,"SR024E","Koket","Delta",38.24039242,-121.5547949,"Lower Sac"
"263","DM16091",225.806,"DM","2016-03-15",2016,38,0.24,"SR024E","Koket","Delta",38.24039242,-121.5547949,"Lower Sac"
"264","DM16094",270.962,"DM","2016-01-26",2016,37,0.24,"MK004W","B&W Marina","Delta",38.12746155,-121.5804697,"Cosumnes runoff"
"265","DM16095",323.745,"DM","2016-03-01",2016,54,1.32,"SJ001S","Antioch Dunes","Delta",38.01480683,-121.7827132,"West Delta"
"266","DM16097",341.119,"DM","2016-03-01",2016,53,1.19,"SR012W","Sandy Beach","Delta",38.13888707,-121.6953247,"Yolo runoff"
"267","DM16101",325.695,"DM","2016-04-25",2016,47,0.89,"SR024E","Koket","Delta",38.24039242,-121.5547949,"Lower Sac"
"268","DM16107",353.371,"DM","2016-04-25",2016,55,1.63,"SR024E","Koket","Delta",38.24039242,-121.5547949,"Lower Sac"
"269","DM16109",232.689,"DM","2016-02-04",2016,39,0.3,"SJ026S","Medford Island","Delta",38.05160734,-121.5098959,"excl"
"270","DM16116",312.943,"DM","2016-04-19",2016,50,1.01,"SR014W","Rio Vista","Delta",38.18651797,-121.6626646,"Yolo runoff"
"271","DM16117",267.199,"DM","2016-01-26",2016,38,0.36,"TM001N","Brannan Island","Delta",38.11666073,-121.6837998,"excl"
"272","DM16122",296.577,"DM","2016-02-04",2016,43,0.53,"SJ026S","Medford Island","Delta",38.05160734,-121.5098959,"excl"
"273","DM16123",288.77,"DM","2016-01-21",2016,44,0.59,"LP003E","Terminous","Delta",38.10993564,-121.5001684,"Cosumnes runoff"
"274","DM16124",313.763,"DM","2016-02-25",2016,53,1.35,"MS001N","Sherman Island","Delta",38.0560806,-121.7859278,"West Delta"
"275","DM16125",446.816,"DM","2016-03-25",2016,67,2.94,"SR012W","Sandy Beach","Delta",38.13888707,-121.6953247,"Yolo runoff"
"276","DM16126",308.01,"DM","2016-03-11",2016,42,0.66,"SR043W","Clarksburg","Sac",38.38304913,-121.5208997,"Lower Sac"
"277","DM16127",344.808,"DM","2016-04-19",2016,62,2.06,"SR024E","Koket","Delta",38.24039242,-121.5547949,"Lower Sac"
"278","DM16129",217.954,"DM","2016-03-25",2016,38,0.25,"SR012W","Sandy Beach","Delta",38.13888707,-121.6953247,"Yolo runoff"
"279","DM16131",263.258,"DM","2016-03-29",2016,39,0.45,"SR049E","Garcia Bend","Sac",38.47805124,-121.543378,"Lower Sac"
"280","DM16132",278.906,"DM","2016-03-29",2016,43,0.6,"SR060E","Discovery Park","excl",38.60053595,-121.5091653,"excl"
"281","DM16133",328.751,"DM","2016-03-25",2016,54,0.94,"SR012W","Sandy Beach","Delta",38.13888707,-121.6953247,"Yolo runoff"
"282","DM16135",333.9,"DM","2016-03-01",2016,53,1.31,"SR012W","Sandy Beach","Delta",38.13888707,-121.6953247,"Yolo runoff"
"283","DM16137",272.99,"DM","2016-03-25",2016,41,0.63,"SR012W","Sandy Beach","Delta",38.13888707,-121.6953247,"Yolo runoff"
"284","DM16140",283.942,"DM","2016-02-25",2016,45,0.64,"SR012W","Sandy Beach","Delta",38.13888707,-121.6953247,"Yolo runoff"
"285","DM16142",304.03,"DM","2016-03-29",2016,46,1.06,"SR049E","Garcia Bend","Sac",38.47805124,-121.543378,"Lower Sac"
"286","DM16143",315.664,"DM","2016-02-25",2016,45,0.62,"SR012W","Sandy Beach","Delta",38.13888707,-121.6953247,"Yolo runoff"
"287","DM16145",262.668,"DM","2016-01-21",2016,38,0.28,"MK004W","B&W Marina","Delta",38.12746155,-121.5804697,"Cosumnes runoff"
"288","DM16146",241.47,"DM","2016-01-21",2016,36,0.25,"MK004W","B&W Marina","Delta",38.12746155,-121.5804697,"Cosumnes runoff"
"289","DM16147",425.27,"DM","2016-03-28",2016,67,2.91,"SR055M","Sherwood Harbor","Sac",38.53278804,-121.5233336,"Lower Sac"
"290","DM16149",433,"DM","2016-03-28",2016,68,3.76,"SR055M","Sherwood Harbor","Sac",38.53278804,-121.5233336,"Lower Sac"
"291","DM16152",284.931,"DM","2016-02-05",2016,37,0.6,"SR055M","Sherwood Harbor","Sac",38.53278804,-121.5233336,"Lower Sac"
"292","DM16153",308.048,"DM","2016-02-18",2016,43,1.05,"SR055M","Sherwood Harbor","Sac",38.53278804,-121.5233336,"Lower Sac"
"293","DM16154",227.449,"DM","2016-03-15",2016,36,0.25,"SR049E","Garcia Bend","Sac",38.47805124,-121.543378,"Lower Sac"
"294","DM16156",237.273,"DM","2016-03-15",2016,37,0.4,"SR049E","Garcia Bend","Sac",38.47805124,-121.543378,"Lower Sac"
"295","DM16160",334.233,"DM","2016-02-18",2016,43,1.1,"SR055M","Sherwood Harbor","Sac",38.53278804,-121.5233336,"Lower Sac"
"296","DM16162",216.368,"DM","2016-02-05",2016,35,0.31,"SR055M","Sherwood Harbor","Sac",38.53278804,-121.5233336,"Lower Sac"
"297","DM16163",246.856,"DM","2016-02-05",2016,37,0.23,"SR055M","Sherwood Harbor","Sac",38.53278804,-121.5233336,"Lower Sac"
"298","DM16165",250.723,"DM","2016-02-12",2016,45,0.79,"MK004W","B&W Marina","Delta",38.12746155,-121.5804697,"Cosumnes runoff"
"299","DM16168",278.398,"DM","2016-03-29",2016,41,0.65,"SR049E","Garcia Bend","Sac",38.47805124,-121.543378,"Lower Sac"
"300","DM16169",225.204,"DM","2016-02-12",2016,37,0.35,"MK004W","B&W Marina","Delta",38.12746155,-121.5804697,"Cosumnes runoff"
"301","DM16170",381.247,"DM","2016-03-01",2016,56,1.34,"SR012W","Sandy Beach","Delta",38.13888707,-121.6953247,"Yolo runoff"
"302","DM16171",331.947,"DM","2016-02-17",2016,44,0.53,"SJ005N","Eddos","Delta",38.05079336,-121.6994317,"West Delta"
"303","DM16172",281.068,"DM","2016-02-04",2016,49,0.8982,"SJ026S","Medford Island","Delta",38.05160734,-121.5098959,"excl"
"304","DM16174",339.041,"DM","2016-02-17",2016,46,0.61,"SJ005N","Eddos","Delta",38.05079336,-121.6994317,"West Delta"
"305","DM16175",227.34,"DM","2016-01-26",2016,36,0.25,"LP003E","Terminous","Delta",38.10993564,-121.5001684,"Cosumnes runoff"
"306","DM16176",260.797,"DM","2016-02-12",2016,45,0.59,"MK004W","B&W Marina","Delta",38.12746155,-121.5804697,"Cosumnes runoff"
"307","DM16178",231.302,"DM","2016-02-25",2016,43,0.47,"SR014W","Rio Vista","Delta",38.18651797,-121.6626646,"Yolo runoff"
"308","DM16179",275.912,"DM","2016-02-04",2016,42,0.4,"SJ026S","Medford Island","Delta",38.05160734,-121.5098959,"excl"
"309","DM16184",277.025,"DM","2016-02-12",2016,41,0.37,"LP003E","Terminous","Delta",38.10993564,-121.5001684,"Cosumnes runoff"
"310","DM16186",275.279,"DM","2016-02-04",2016,43,0.46,"LP003E","Terminous","Delta",38.10993564,-121.5001684,"Cosumnes runoff"
"311","DM16188",269.269,"DM","2016-02-12",2016,42,0.56,"MK004W","B&W Marina","Delta",38.12746155,-121.5804697,"Cosumnes runoff"
"312","DM16190",254.946,"DM","2016-02-04",2016,38,0.33,"MS001N","Sherman Island","Delta",38.0560806,-121.7859278,"West Delta"
"313","DM16193",244.282,"DM","2016-01-26",2016,36,0.18,"MK004W","B&W Marina","Delta",38.12746155,-121.5804697,"Cosumnes runoff"
"314","DM16194",281.416,"DM","2016-02-04",2016,40,0.38,"LP003E","Terminous","Delta",38.10993564,-121.5001684,"Cosumnes runoff"
"315","DM16195",326.255,"DM","2016-02-12",2016,47,0.69,"MK004W","B&W Marina","Delta",38.12746155,-121.5804697,"Cosumnes runoff"
"316","DM16196",302.953,"DM","2016-01-26",2016,37,0.35,"LP003E","Terminous","Delta",38.10993564,-121.5001684,"Cosumnes runoff"
"317","DM16197",258.531,"DM","2016-02-12",2016,42,0.49,"MK004W","B&W Marina","Delta",38.12746155,-121.5804697,"Cosumnes runoff"
"318","DM16198",260.625,"DM","2016-02-25",2016,37,0.22,"SJ005N","Eddos","Delta",38.05079336,-121.6994317,"West Delta"
"319","DM16199",254.812,"DM","2016-02-04",2016,37,0.24,"SR014W","Rio Vista","Delta",38.18651797,-121.6626646,"Yolo runoff"
"320","DM16200",236.071,"DM","2016-02-04",2016,33,0.26,"MS001N","Sherman Island","Delta",38.0560806,-121.7859278,"West Delta"
"321","DM16201",258.743,"DM","2016-03-29",2016,40,0.48,"SR060E","Discovery Park","excl",38.60053595,-121.5091653,"excl"
"322","DM16203",272.321,"DM","2016-02-04",2016,42,0.47,"LP003E","Terminous","Delta",38.10993564,-121.5001684,"Cosumnes runoff"
"323","DM16205",305.043,"DM","2016-03-11",2016,40,0.55,"SR043W","Clarksburg","Sac",38.38304913,-121.5208997,"Lower Sac"
"324","DM16206",394.948,"DM","2016-03-11",2016,59,2.01,"SR043W","Clarksburg","Sac",38.38304913,-121.5208997,"Lower Sac"
"325","DM16213",231.878,"DM","2016-03-22",2016,37,0.31,"SR049E","Garcia Bend","Sac",38.47805124,-121.543378,"Lower Sac"
"326","DM16215",266.95,"DM","2016-03-11",2016,40,0.51,"SR043W","Clarksburg","Sac",38.38304913,-121.5208997,"Lower Sac"
"327","DM16218",269.833,"DM","2016-03-22",2016,43,0.71,"SS011N","Steamboat Slough","Delta",38.30472188,-121.5749397,"Lower Sac"
"328","DM16219",275.763,"DM","2016-03-22",2016,45,0.77,"SS011N","Steamboat Slough","Delta",38.30472188,-121.5749397,"Lower Sac"
"329","DM16220",325.423,"DM","2016-03-22",2016,50,1.15,"SS011N","Steamboat Slough","Delta",38.30472188,-121.5749397,"Lower Sac"
"330","DM16222",240.113,"DM","2016-03-22",2016,38,0.41,"SR049E","Garcia Bend","Sac",38.47805124,-121.543378,"Lower Sac"
"331","DM16223",304.591,"DM","2016-03-22",2016,47,0.9,"SS011N","Steamboat Slough","Delta",38.30472188,-121.5749397,"Lower Sac"
"332","DM16226",242.912,"DM","2016-01-21",2016,35,0.21,"LP003E","Terminous","Delta",38.10993564,-121.5001684,"Cosumnes runoff"
"333","DM16228",224.41,"DM","2016-03-22",2016,40,0.45,"SS011N","Steamboat Slough","Delta",38.30472188,-121.5749397,"Lower Sac"
"334","DM16237",542.172,"DM","2016-05-27",2016,92,7.68,"SJ054M","Mossdale","SJR",37.78703776,-121.3073651,"Lower SJR"
"335","DM16264",454.823593160472,"DM","2016-04-15",2016,77,5,"SB018X","Chipps Island","Chipps",38.04365479,-121.9112847,"Chipps"
"336","DM16265",504.508007545958,"DM","2016-04-27",2016,84,6,"SB018X","Chipps Island","Chipps",38.04365479,-121.9112847,"Chipps"
"337","DM16266",483.232820903909,"DM","2016-04-12",2016,75,4.1,"SJ054M","Mossdale","SJR",37.78703776,-121.3073651,"Lower SJR"
"338","DM16267",483.439030264109,"DM","2016-04-15",2016,77,5.1,"SB018X","Chipps Island","Chipps",38.04365479,-121.9112847,"Chipps"
"339","DM16268",523.872621819058,"DM","2016-04-27",2016,86,6.6,"SB018X","Chipps Island","Chipps",38.04365479,-121.9112847,"Chipps"
"340","DM16269",478.457393433411,"DM","2016-04-12",2016,77,4.5,"SJ054M","Mossdale","SJR",37.78703776,-121.3073651,"Lower SJR"
"341","DM16270",574.383378823152,"DM","2016-05-10",2016,93,8,"SJ054M","Mossdale","SJR",37.78703776,-121.3073651,"Lower SJR"
"342","DM16271",570.798547001686,"DM","2016-05-17",2016,95,9.6,"SJ054M","Mossdale","SJR",37.78703776,-121.3073651,"Lower SJR"
"343","DM16272",490.661876856386,"DM","2016-04-27",2016,84,6.8,"SB018X","Chipps Island","Chipps",38.04365479,-121.9112847,"Chipps"
"344","DM16273",499.500280966525,"DM","2016-04-26",2016,86,7.2,"SJ054M","Mossdale","SJR",37.78703776,-121.3073651,"Lower SJR"
"345","DM16276",416.696937464879,"DM","2016-04-27",2016,84,6.8,"SB018X","Chipps Island","Chipps",38.04365479,-121.9112847,"Chipps"
"346","DM16277",396.943,"DM","2016-04-15",2016,78,4.8,"SB018X","Chipps Island","Chipps",38.04365479,-121.9112847,"Chipps"
"347","DM16278",502.405775868989,"DM","2016-05-23",2016,96,9.1,"SJ054M","Mossdale","SJR",37.78703776,-121.3073651,"Lower SJR"
"348","DM16279",456.966966364293,"DM","2016-04-27",2016,81,5.3,"SB018X","Chipps Island","Chipps",38.04365479,-121.9112847,"Chipps"
"349","DM16280",466.248896202938,"DM","2016-04-15",2016,79,5.2,"SB018X","Chipps Island","Chipps",38.04365479,-121.9112847,"Chipps"
"350","DM16281",542.668780605282,"DM","2016-04-27",2016,79,5.2,"SB018X","Chipps Island","Chipps",38.04365479,-121.9112847,"Chipps"
"351","DM16282",456.769788070964,"DM","2016-04-15",2016,77,5.3,"SB018X","Chipps Island","Chipps",38.04365479,-121.9112847,"Chipps"
"352","DM16283",486.660612507024,"DM","2016-04-27",2016,85,7.4,"SB018X","Chipps Island","Chipps",38.04365479,-121.9112847,"Chipps"
"353","DM16284",445.913,"DM","2016-04-15",2016,79,5.3,"SB018X","Chipps Island","Chipps",38.04365479,-121.9112847,"Chipps"
"354","DM16285",443.856894155658,"DM","2016-04-12",2016,66,2.7,"SJ054M","Mossdale","SJR",37.78703776,-121.3073651,"Lower SJR"
"355","DM16286",541.632,"DM","2016-04-27",2016,81,5.1,"SB018X","Chipps Island","Chipps",38.04365479,-121.9112847,"Chipps"
"356","DM16287",517.222244521153,"DM","2016-04-27",2016,84,6.4,"SB018X","Chipps Island","Chipps",38.04365479,-121.9112847,"Chipps"
"357","DM16339",281.114,"DM","2016-03-25",2016,43,0.29,"SR012W","Sandy Beach","Delta",38.13888707,-121.6953247,"Yolo runoff"
"358","DM16366",253.138,"DM","2016-03-25",2016,40,0.24,"SJ005N","Eddos","Delta",38.05079336,-121.6994317,"West Delta"
"359","DM16389",304.711,"DM","2016-04-19",2016,47,0.78,"SR024E","Koket","Delta",38.24039242,-121.5547949,"Lower Sac"
"360","DM16391",396.994,"DM","2016-03-30",2016,66,2.94,"SB018N","Chipps Island","Chipps",38.04365479,-121.9112847,"Chipps"
"361","DM16409",479.813,"DM","2016-05-06",2016,84,6.05,"SB018S","Chipps Island","Chipps",38.04365479,-121.9112847,"Chipps"
"362","DM16430",518.634,"DM","2016-05-27",2016,90,6.64,"SB018S","Chipps Island","Chipps",38.04365479,-121.9112847,"Chipps"
"363","DM16431",506.679,"DM","2016-05-27",2016,89,6.31,"SB018S","Chipps Island","Chipps",38.04365479,-121.9112847,"Chipps"
"364","DM16432",574.238,"DM","2016-05-27",2016,81,5.95,"SB018S","Chipps Island","Chipps",38.04365479,-121.9112847,"Chipps"
"365","DM16433",514.218,"DM","2016-05-27",2016,85,6.68,"SB018S","Chipps Island","Chipps",38.04365479,-121.9112847,"Chipps"
"366","DM16434",567.018,"DM","2016-05-27",2016,92,7.75,"SB018M","Chipps Island","Chipps",38.04365479,-121.9112847,"Chipps"
"367","DM16437",498.993,"DM","2016-05-27",2016,84,4.99,"SB018M","Chipps Island","Chipps",38.04365479,-121.9112847,"Chipps"
"368","DM16438",530.38,"DM","2016-05-27",2016,87,6.14,"SB018S","Chipps Island","Chipps",38.04365479,-121.9112847,"Chipps"
"369","DM16440",558.004,"DM","2016-05-27",2016,93,7.63,"SB018M","Chipps Island","Chipps",38.04365479,-121.9112847,"Chipps"
"370","DM16447",478.825,"DM","2016-04-22",2016,74,4,"SB018M","Chipps Island","Chipps",38.04365479,-121.9112847,"Chipps"
"371","DM16515",547.312,"DM","2016-06-01",2016,94,8.44,"SB018S","Chipps Island","Chipps",38.04365479,-121.9112847,"Chipps"
"372","DM16546",456.594,"DM","2016-05-16",2016,80,5.05,"SB018S","Chipps Island","Chipps",38.04365479,-121.9112847,"Chipps"
"373","DM16591",457.795,"DM","2016-04-22",2016,71,4.01,"SB018X","Chipps Island","Chipps",38.04365479,-121.9112847,"Chipps"
"374","DM16646",428.171,"DM","2016-05-04",2016,74,2.95,"SB018N","Chipps Island","Chipps",38.04365479,-121.9112847,"Chipps"
"375","DM16709",374.776,"DM","2016-04-04",2016,59,1.99,"SR055M","Sherwood Harbor","Sac",38.53278804,-121.5233336,"Lower Sac"
"376","DM16757",525.856,"DM","2016-04-22",2016,73,3.52,"SR055M","Sherwood Harbor","Sac",38.53278804,-121.5233336,"Lower Sac"
"377","DM16760",434.951,"DM","2016-04-22",2016,72,3.26,"SR055M","Sherwood Harbor","Sac",38.53278804,-121.5233336,"Lower Sac"
"378","DM17039",320.43,"DM","2017-02-27",2017,54,1.06,"SR055M","Sherwood Harbor","Sac",38.53278804,-121.5233336,"Lower Sac"
"379","DM17071",360.639,"DM","2017-04-04",2017,52,1.33,"SR024E","Koket","Delta",38.24039242,-121.5547949,"Lower Sac"
"380","DM17075",312.214,"DM","2017-03-14",2017,47,0.65,"SA009E","Keller Beach","Bay",37.92054831,-122.3867955,"Bay"
"381","DM17079",285.997,"DM","2017-04-05",2017,40,0.45,"SR014W","Rio Vista","Delta",38.18651797,-121.6626646,"Yolo runoff"
"382","DM17089",267.202,"DM","2017-03-03",2017,37,0.36,"MK004W","B&W Marina","Delta",38.12746155,-121.5804697,"Cosumnes runoff"
"383","DM17111",347.173,"DM","2017-03-29",2017,62,2.12,"SR014W","Rio Vista","Delta",38.18651797,-121.6626646,"Yolo runoff"
"384","DM17145",287.774,"DM","2017-03-22",2017,41,0.42,"SR014W","Rio Vista","Delta",38.18651797,-121.6626646,"Yolo runoff"
"385","DM17149",273.672,"DM","2017-02-28",2017,41,0.49,"SA007E","Berkeley Frontage","Bay",37.85193708,-122.3002713,"Bay"
"386","DM17150",238.701,"DM","2017-02-28",2017,42,0.57,"SA001M","Treasure Island","Bay",37.81359296,-122.3700263,"Bay"
"387","DM17152",342.036,"DM","2017-03-24",2017,57,1.41,"SF014E","Wimpys","Delta",38.2269122,-121.4911887,"Cosumnes runoff"
"388","DM17159",276.658,"DM","2017-02-24",2017,46,0.71,"SA004W","Tiburon","Bay",37.89532751,-122.4901519,"Bay"
"389","DM17164",258.615,"DM","2017-02-24",2017,35,0.25,"SP000W","McNears Beach","Bay",37.9924155,-122.4522969,"Bay"
"390","DM17170",247.001,"DM","2017-02-14",2017,45,0.82,"SJ005N","Eddos","Delta",38.05079336,-121.6994317,"West Delta"
"391","DM17176",234.27,"DM","2017-02-09",2017,38,0.44,"SJ063W","Big Beach","SJR",37.72497212,-121.2968653,"Lower SJR"
"392","DM17178",289.495,"DM","2017-02-09",2017,49,0.9,"SR012W","Sandy Beach","Delta",38.13888707,-121.6953247,"Yolo runoff"
"393","DM17180",273.986,"DM","2017-02-09",2017,43,0.56,"SR012W","Sandy Beach","Delta",38.13888707,-121.6953247,"Yolo runoff"
"394","DM17196",240.728,"DM","2017-02-07",2017,37,0.34,"SF014E","Wimpys","Delta",38.2269122,-121.4911887,"Cosumnes runoff"
"395","DM17202",306.418,"DM","2017-02-15",2017,46,0.76,"SJ051E","Dos Reis","SJR",37.83069661,-121.3113902,"Lower SJR"
"396","DM17205",251.926,"DM","2017-02-15",2017,41,0.59,"SJ051E","Dos Reis","SJR",37.83069661,-121.3113902,"Lower SJR"
"397","DM17210",272.401,"DM","2017-02-01",2017,37,0.38,"SJ005N","Eddos","Delta",38.05079336,-121.6994317,"West Delta"
"398","DM17212",218.567,"DM","2017-01-24",2017,45,0.41,"SA010W","San Quentin","Bay",37.94149424,-122.4824584,"Bay"
"399","DM17213",230.53,"DM","2017-01-24",2017,40,0.28,"SJ051E","Dos Reis","SJR",37.83069661,-121.3113902,"Lower SJR"
"400","DM17281",334.239,"DM","2017-04-11",2017,52,1.11,"SJ001S","Antioch Dunes","Delta",38.01480683,-121.7827132,"West Delta"
"401","DM17291",350.445,"DM","2017-04-20",2017,64,2.46,"SR014W","Rio Vista","Delta",38.18651797,-121.6626646,"Yolo runoff"
"402","DM17295",347.976,"DM","2017-04-20",2017,50,1.16,"SR012W","Sandy Beach","Delta",38.13888707,-121.6953247,"Yolo runoff"
"403","DM17299",333.103,"DM","2017-04-19",2017,55,1.1,"SR043W","Clarksburg","Sac",38.38304913,-121.5208997,"Lower Sac"
"404","DM17317",359.76,"DM","2017-04-27",2017,61,1.73,"SR014W","Rio Vista","Delta",38.18651797,-121.6626646,"Yolo runoff"
"405","DM17541",449.06,"DM","2017-06-19",2017,86,6.3,"SB018M","Chipps Island","Chipps",38.04365479,-121.9112847,"Chipps"
"406","DM17542",524.243,"DM","2017-06-19",2017,90,7.59,"SB018M","Chipps Island","Chipps",38.04365479,-121.9112847,"Chipps"
"407","DM17543",505.26,"DM","2017-06-19",2017,87,6.93,"SB018M","Chipps Island","Chipps",38.04365479,-121.9112847,"Chipps"
"408","DM17549",525.992,"DM","2017-06-05",2017,80,4.63,"SB018S","Chipps Island","Chipps",38.04365479,-121.9112847,"Chipps"
"409","DM17553",478.201,"DM","2017-06-07",2017,79,4.56,"SB018M","Chipps Island","Chipps",38.04365479,-121.9112847,"Chipps"
"410","DM17562",517.133,"DM","2017-05-26",2017,101,10.94,"SB018X","Chipps Island","Chipps",38.04365479,-121.9112847,"Chipps"
"411","DM17566",576.619,"DM","2017-06-02",2017,97,8.37,"SB018N","Chipps Island","Chipps",38.04365479,-121.9112847,"Chipps"
"412","DM17659",445.828,"DM","2017-03-27",2017,70,3.25,"SB018N","Chipps Island","Chipps",38.04365479,-121.9112847,"Chipps"
"413","DM17783",251.911,"DM","2017-03-01",2017,46,0.63,"SR055M","Sherwood Harbor","Sac",38.53278804,-121.5233336,"Lower Sac"
"414","DM18006",544.108,"DM","2018-04-18",2018,78,5.26,"SB018M","Chipps Island","Chipps",38.04365479,-121.9112847,"Chipps"
"415","DM18063",472.677,"DM","2018-04-27",2018,85,5.75,"SB018S","Chipps Island","Chipps",38.04365479,-121.9112847,"Chipps"
"416","DM18158",359.408,"DM","2018-05-03",2018,63,2.72,"SS011N","Steamboat Slough","Delta",38.30472188,-121.5749397,"Lower Sac"
"417","DM18161",377.195,"DM","2018-05-03",2018,60,2.34,"SS011N","Steamboat Slough","Delta",38.30472188,-121.5749397,"Lower Sac"
"418","DM18390",304.119,"DM","2018-04-10",2018,37,0.37,"SR014W","Rio Vista","Delta",38.18651797,-121.6626646,"Yolo runoff"
"419","DM18396",365.188,"DM","2018-03-12",2018,51,1.49,"SR049E","Garcia Bend","Sac",38.47805124,-121.543378,"Lower Sac"
"420","DM18398",337.422,"DM","2018-03-12",2018,46,1.11,"SR049E","Garcia Bend","Sac",38.47805124,-121.543378,"Lower Sac"
"421","DM18401",334.306,"DM","2018-04-05",2018,58,2.52,"SS011N","Steamboat Slough","Delta",38.30472188,-121.5749397,"Lower Sac"
"422","DM18411",359.082,"DM","2018-03-26",2018,60,2.14,"SS011N","Steamboat Slough","Delta",38.30472188,-121.5749397,"Lower Sac"
"423","DM18414",347.767,"DM","2018-03-26",2018,59,3.65,"SS011N","Steamboat Slough","Delta",38.30472188,-121.5749397,"Lower Sac"
"424","DM18454",576.344,"DM","2018-05-12",2018,86,6.67,"SR055M","Sherwood Harbor","Sac",38.53278804,-121.5233336,"Lower Sac"
"425","DM18522",241.571,"DM","2018-01-17",2018,38,0.35,"SR055M","Sherwood Harbor","Sac",38.53278804,-121.5233336,"Lower Sac"
"426","DM18571",331.386,"DM","2018-03-22",2018,62,2.42,"SR043W","Clarksburg","Sac",38.38304913,-121.5208997,"Lower Sac"
"427","DM18577",269.899,"DM","2018-03-29",2018,44,0.61,"SJ026S","Medford Island","Delta",38.05160734,-121.5098959,"excl"
"428","DM18594",283.734,"DM","2018-03-09",2018,48,0.98,"SR049E","Garcia Bend","Sac",38.47805124,-121.543378,"Lower Sac"
"429","DM18640",325.18,"DM","2018-03-01",2018,50,0.9,"SR049E","Garcia Bend","Sac",38.47805124,-121.543378,"Lower Sac"
"430","DM18647",311.234,"DM","2018-03-01",2018,47,0.95,"SR049E","Garcia Bend","Sac",38.47805124,-121.543378,"Lower Sac"
"431","DM18673",401.335,"DM","2018-03-26",2018,64,2.65,"SS011N","Steamboat Slough","Delta",38.30472188,-121.5749397,"Lower Sac"
"432","DM19005",469.366,"DM","2019-06-21",2019,82,4.86,"SB018M","Chipps Island","Chipps",38.04365479,-121.9112847,"Chipps"
"433","DM19018",441.065,"DM","2019-06-07",2019,71,3.4,"SB018M","Chipps Island","Chipps",38.04365479,-121.9112847,"Chipps"
"434","DM19031",463.456,"DM","2019-05-31",2019,83,5.61,"SB018M","Chipps Island","Chipps",38.04365479,-121.9112847,"Chipps"
"435","DM19037",483.546,"DM","2019-05-31",2019,90,7.82,"SB018M","Chipps Island","Chipps",38.04365479,-121.9112847,"Chipps"
"436","DM19039",354.92,"DM","2019-04-11",2019,59,2.06,"SB018M","Chipps Island","Chipps",38.04365479,-121.9112847,"Chipps"
"437","DM19051",532.018,"DM","2019-05-31",2019,87,5.92,"SB018M","Chipps Island","Chipps",38.04365479,-121.9112847,"Chipps"
"438","DM19091",512.818,"DM","2019-05-29",2019,86,6.55,"SB018M","Chipps Island","Chipps",38.04365479,-121.9112847,"Chipps"
"439","DM19118",421.621,"DM","2019-04-09",2019,70,3.43,"SB018S","Chipps Island","Chipps",38.04365479,-121.9112847,"Chipps"
"440","DM19126",472.788,"DM","2019-05-29",2019,84,5.55,"SB018N","Chipps Island","Chipps",38.04365479,-121.9112847,"Chipps"
"441","DM19127",452.147,"DM","2019-06-14",2019,79,4.6,"SB018M","Chipps Island","Chipps",38.04365479,-121.9112847,"Chipps"
"442","DM19128",258.982,"DM","2019-03-18",2019,41,0.56,"SB018M","Chipps Island","Chipps",38.04365479,-121.9112847,"Chipps"
"443","DM19146",485.929,"DM","2019-05-23",2019,88,6.86,"SB018M","Chipps Island","Chipps",38.04365479,-121.9112847,"Chipps"
"444","DM19153",418.782,"DM","2019-04-14",2019,64,2.95,"SB018M","Chipps Island","Chipps",38.04365479,-121.9112847,"Chipps"
"445","DM19180",465.035,"DM","2019-06-03",2019,80,5.18,"SB018S","Chipps Island","Chipps",38.04365479,-121.9112847,"Chipps"
"446","DM19184",520.758,"DM","2019-06-14",2019,92,8.06,"SB018N","Chipps Island","Chipps",38.04365479,-121.9112847,"Chipps"
"447","DM19185",473.266,"DM","2019-05-28",2019,87,6.65,"SB018S","Chipps Island","Chipps",38.04365479,-121.9112847,"Chipps"
"448","DM19192",478.713,"DM","2019-06-07",2019,85,5.89,"SB018M","Chipps Island","Chipps",38.04365479,-121.9112847,"Chipps"
"449","DM19195",501.256,"DM","2019-06-10",2019,85,5.79,"SB018S","Chipps Island","Chipps",38.04365479,-121.9112847,"Chipps"
"450","DM19219",555.513,"DM","2019-05-20",2019,95,8.67,"SB018M","Chipps Island","Chipps",38.04365479,-121.9112847,"Chipps"
"451","DM19242",426.355,"DM","2019-04-01",2019,67,3.42,"SB018M","Chipps Island","Chipps",38.04365479,-121.9112847,"Chipps"
"452","DM19275",422.502,"DM","2019-05-28",2019,88,6.86,"SB018M","Chipps Island","Chipps",38.04365479,-121.9112847,"Chipps"
"453","DM19276",456.279,"DM","2019-06-12",2019,86,5.49,"SB018S","Chipps Island","Chipps",38.04365479,-121.9112847,"Chipps"
"454","DM19340",518.36,"DM","2019-05-20",2019,88,6.78,"SB018M","Chipps Island","Chipps",38.04365479,-121.9112847,"Chipps"
"455","DM19343",465.474,"DM","2019-05-21",2019,87,6.37,"SB018M","Chipps Island","Chipps",38.04365479,-121.9112847,"Chipps"
"456","DM19399",554.425,"DM","2019-05-21",2019,90,7.2,"SB018M","Chipps Island","Chipps",38.04365479,-121.9112847,"Chipps"
"457","DM19427",480.045,"DM","2019-05-24",2019,78,5.85,"SB018N","Chipps Island","Chipps",38.04365479,-121.9112847,"Chipps"
"458","DM19429",537.438,"DM","2019-05-24",2019,86,6.12,"SB018N","Chipps Island","Chipps",38.04365479,-121.9112847,"Chipps"
"459","DM19479",538.792,"DM","2019-05-19",2019,90,7.22,"SB018S","Chipps Island","Chipps",38.04365479,-121.9112847,"Chipps"
"460","DM19481",462.719,"DM","2019-05-24",2019,83,5.65,"SB018N","Chipps Island","Chipps",38.04365479,-121.9112847,"Chipps"
"461","DM19544",523.553,"DM","2019-05-30",2019,82,5.27,"SB018S","Chipps Island","Chipps",38.04365479,-121.9112847,"Chipps"
"462","DM19546",531.73,"DM","2019-05-30",2019,95,8.47,"SB018S","Chipps Island","Chipps",38.04365479,-121.9112847,"Chipps"
"463","DM19571",490.715,"DM","2019-06-10",2019,84,5.62,"SB018S","Chipps Island","Chipps",38.04365479,-121.9112847,"Chipps"
"464","DM19573",576.189,"DM","2019-06-03",2019,95,9.39,"SB018S","Chipps Island","Chipps",38.04365479,-121.9112847,"Chipps"
"465","DM19574",431.845,"DM","2019-06-10",2019,78,4.89,"SB018S","Chipps Island","Chipps",38.04365479,-121.9112847,"Chipps"
"466","DM19581",500.026,"DM","2019-05-06",2019,79,5.24,"SB018S","Chipps Island","Chipps",38.04365479,-121.9112847,"Chipps"
"467","DM19617",203.837,"DM","2019-02-19",2019,37,0.33,"SR055M","Sherwood Harbor","Sac",38.53278804,-121.5233336,"Lower Sac"
"468","DM20038",530.128,"DM","2020-05-14",2020,81,4.48,"SB018S","Chipps Island","Chipps",38.04365479,-121.9112847,"Chipps"
"469","DM20063",506.165,"DM","2020-05-10",2020,94,7.21,"SB018M","Chipps Island","Chipps",38.04365479,-121.9112847,"Chipps"
"470","DM20085",465.374,"DM","2020-04-28",2020,85,5.85,"SB018S","Chipps Island","Chipps",38.04365479,-121.9112847,"Chipps"
"471","DM20086",509.862,"DM","2020-04-28",2020,85,5.06,"SB018M","Chipps Island","Chipps",38.04365479,-121.9112847,"Chipps"
"472","DM20111",575.893,"DM","2020-05-12",2020,91,6.55,"SB018N","Chipps Island","Chipps",38.04365479,-121.9112847,"Chipps"
"473","DM20147",507.662,"DM","2020-05-12",2020,86,5.71,"SB018N","Chipps Island","Chipps",38.04365479,-121.9112847,"Chipps"
"474","DM20166",542.235,"DM","2020-05-10",2020,87,6.5,"SB018N","Chipps Island","Chipps",38.04365479,-121.9112847,"Chipps"
"475","DM20232",523.934,"DM","2020-04-30",2020,82,5.22,"SB018S","Chipps Island","Chipps",38.04365479,-121.9112847,"Chipps"
"476","DM20410",514.423,"DM","2020-04-24",2020,84,5.77,"SB018M","Chipps Island","Chipps",38.04365479,-121.9112847,"Chipps"
"477","DM21047",536.874,"DM","2021-05-14",2021,79,4.56,"SB018S","Chipps Island","Chipps",38.04365479,-121.9112847,"Chipps"
"478","DM21125",515.682,"DM","2021-05-09",2021,76,3.92,"SR055M","Sherwood Harbor","Sac",38.53278804,-121.5233336,"Lower Sac"
"479","DM21130",449.943,"DM","2021-04-30",2021,85,5.68,"SB018S","Chipps Island","Chipps",38.04365479,-121.9112847,"Chipps"
"480","DM21141",544.469,"DM","2021-05-06",2021,88,6.62,"SB018N","Chipps Island","Chipps",38.04365479,-121.9112847,"Chipps"
"481","DM21197",480.545,"DM","2021-04-26",2021,86,6.44,"SB018S","Chipps Island","Chipps",38.04365479,-121.9112847,"Chipps"
"482","DM21278",524.579,"DM","2021-04-27",2021,85,6.33,"SB018S","Chipps Island","Chipps",38.04365479,-121.9112847,"Chipps"
